report_id,date_reported,department,equipment_id,equipment_type,manufacturer,model,reported_by_role,reported_problem,clinical_context,equipment_status_at_report,immediate_action_taken,patient_impact_observed,additional_notes,source_type
MR-001,2026-09-15 07:40:00,ICU,EQ-001,Ventilator,Draeger,Savina 300,ICU Nurse,"Ventilator displaying a persistent high-pressure alarm during mechanical ventilation. Alarm recurs within minutes of being cleared, even after checking for circuit kinks and reconnecting the patient circuit.",Patient is on volume-controlled ventilation post-operatively. Nursing staff report the alarm has sounded intermittently over the last two hours.,"In service, alarm recurring",Circuit checked and reconnected twice; alarm returned each time,No desaturation observed; patient remains stable on current settings,Same alarm reported by two different shift nurses,Synthetic
MR-002,2026-09-10 14:05:00,Medical Ward,EQ-002,Infusion Pump,B. Braun,Infusomat Space,Ward Nurse,"Infusion pump stopped delivering fluid mid-infusion and displayed an occlusion alarm. Tubing was checked for kinks and clamps were confirmed open, but the alarm persisted after restart.",Pump was running a scheduled IV fluid infusion on a general ward patient.,"Stopped, alarm active","Tubing inspected, line unclamped, device restarted once",Infusion delayed by approximately 20 minutes; no adverse event,First reported issue with this specific pump,Synthetic
MR-003,2026-09-08 08:20:00,Laboratory,EQ-003,Laboratory Analyzer,Roche,Cobas c311,Laboratory Technologist,"Analyzer is producing inconsistent results on quality control samples, with values falling outside the expected control range on two consecutive runs.",Routine morning quality control check before running patient samples.,"Powered on, QC failing",Re-ran QC sample once with same result; analyzer taken out of use for patient testing,No patient samples processed on the affected analyzer since detection,Backup analyzer in the lab is being used in the meantime,Synthetic
MR-004,2026-09-12 22:10:00,ICU,EQ-004,Patient Monitor,Philips,IntelliVue MX450,ICU Nurse,"Patient monitor is showing intermittent dropouts in the SpO2 waveform, with the numeric reading occasionally freezing for several seconds before resuming.",Patient is stable and alert; the same finger probe has been in place for the current shift.,"In service, intermittent readings",Probe repositioned on a different finger once; issue recurred after about ten minutes,No clinical deterioration observed; nursing staff are relying on manual spot checks in between,"Unclear whether the probe, cable, or monitor itself is the source",Synthetic
MR-005,2026-09-14 03:15:00,Maternity,EQ-005,Syringe Pump,B. Braun,Perfusor Space,Midwife,"Syringe pump paused unexpectedly during a continuous infusion. The display returned to the home screen without an audible alarm, and the infusion had to be manually restarted.","Pump was in use for a scheduled medication infusion; staff are unsure whether the pause was linked to a battery event, since the pump had been briefly disconnected from mains power earlier in the shift.",In service after manual restart,Pump reconnected to mains power and infusion restarted manually,Brief interruption in medication delivery; duration not precisely documented,Staff did not note battery indicator status at the time of the pause,Synthetic
MR-006,2026-09-11 11:50:00,Emergency Department,EQ-006,ECG Machine,GE Healthcare,MAC 2000,Emergency Department Nurse,"ECG tracing shows a wandering baseline and intermittent noise artifact across several leads, making the printed trace difficult to interpret cleanly.",Machine was used for a routine 12-lead ECG on an ambulatory patient; electrodes were placed following standard technique.,"In service, tracing quality poor",Electrodes repositioned and tracing repeated once; artifact persisted,Repeat ECG required; no delay in clinical decision-making reported,Staff unsure if the issue is cable-related or internal to the machine,Synthetic
MR-007,2026-09-16 06:00:00,Emergency Department,EQ-007,Defibrillator,Philips,HeartStart XL+,Emergency Department Charge Nurse,"During the weekly self-test, the defibrillator displayed a battery fault indicator. The device completed the self-test cycle but flagged the battery status as requiring attention.",This is the primary defibrillator stationed on the emergency department resuscitation trolley.,"Powered on, self-test flag active",Battery reseated once; fault indicator reappeared on repeat self-test,No patient use since the fault was identified; device has not yet been removed from the resuscitation trolley,No backup defibrillator has been placed on the trolley yet,Synthetic
MR-008,2026-09-17 06:45:00,Operating Theatre,EQ-008,Defibrillator,Zoll,R Series,Theatre Technician,Defibrillator's pacing function did not respond during a routine equipment check before the start of the theatre list. The defibrillation function itself was not tested as part of this check.,Device is kept in the operating theatre for intraoperative use; the theatre list for the day includes a cardiac procedure.,"Powered on, pacing function unresponsive during check",Device power-cycled once; pacing check not repeated before this report was filed,None yet; the theatre list has not started,Theatre staff are awaiting guidance on whether the case can proceed with this device in place,Synthetic
MR-009,2026-09-18 09:30:00,ICU,EQ-009,Oxygen Equipment,DeVilbiss,Concentrator 5-Liter,ICU Nurse,"Oxygen concentrator supplying a ventilated patient is producing a lower-than-expected output reading on its built-in flow indicator, though the unit is still running and audible alarms have not triggered.",The patient is fully dependent on supplemental oxygen delivery in the ICU; nursing staff noticed the discrepancy during a routine hourly check.,"Running, output reading below expected level",Flow indicator checked twice with the same reading; oxygen tubing inspected for visible kinks with none found,Patient's oxygen saturation remains within target range at time of report,Equipment register lists this unit's criticality as medium; unit is currently supporting a fully oxygen-dependent ICU patient,Synthetic
MR-010,2026-09-05 10:00:00,Medical Ward,EQ-010,Suction Machine,Medela,Dominant Flex,Ward Nurse,Suction machine's carrying handle has cracked and the unit's exterior casing has a visible chip near the base. The machine continues to generate suction at the expected level.,Used for routine ward suctioning; no change in suction performance has been noticed.,"In service, functioning normally",None; device remains in use,No patient impact observed.,"Cosmetic damage only, reported during routine equipment check",Synthetic
MR-011,2026-09-03 09:00:00,Laboratory,EQ-011,Laboratory Analyzer,Sysmex,XN-1000,Laboratory Technologist,Analyzer's scheduled quarterly calibration is due according to the maintenance log posted on the device. No performance issues have been observed on recent quality control runs.,Routine laboratory equipment management check ahead of the next reporting period.,"In service, performing within expected range",None; flagged for scheduling,No patient impact observed.,Last calibration record on file predates the current quarter,Synthetic
MR-012,2026-09-19 15:20:00,Emergency Department,EQ-012,Patient Monitor,Mindray,ePM 12M,Emergency Department Nurse,"Patient monitor is showing intermittent dropouts in the SpO2 waveform, with the numeric reading occasionally freezing for several seconds before resuming.",Patient is undergoing continuous monitoring after a suspected overdose and has a fluctuating level of consciousness; staff are relying on the monitor's readings to track trend changes closely.,"In service, intermittent readings",Probe checked and reseated once; issue recurred within a few minutes,Staff report increased difficulty confirming the patient's respiratory status between manual checks,"Same symptom description as a previously reported ICU monitor case, different unit",Synthetic
MR-013,2026-09-23 16:00:00,Medical Ward,EQ-002,Infusion Pump,B. Braun,Infusomat Space,Ward Nurse,Infusion pump is not working properly. Staff are requesting equipment support.,Not specified in the request.,Status not specified,Not specified,Not specified,This is the same pump reported in MR-002 approximately two weeks earlier,Synthetic
MR-014,2026-09-20 12:10:00,Emergency Department,EQ-007,Defibrillator,Philips,HeartStart XL+,Emergency Department Nurse,"Defibrillator passed its most recent self-test with no faults indicated, but a staff member reports that during a resuscitation event two days ago, the device seemed to take longer than usual to charge before delivering a shock. No fault code appeared on the display at the time.",The event in question was a real resuscitation attempt; the patient outcome is not part of this report. Staff impressions of the delay vary between those present.,"In service, self-test passing",Self-test run twice with no fault found; device returned to the resuscitation trolley,"Possible delay in shock delivery during the resuscitation event, as recalled by staff; not confirmed by device data",This is the same physical defibrillator reported in MR-007 for a battery fault; it is not stated in this report whether that fault was resolved before this event,Synthetic
